{"acc": 0.8464990604451621, "loss": 0.18900244318023, "_timestamp": 1692107779.2120492, "_runtime": 0.6597683429718018, "_step": 7, "_wandb": {"runtime": 0}}