{"graph": {"_type": "graph-file", "sha256": "6efcd9eb581e453d9eb440f0cc8b20ee673b47443c2a58a6af06af16c17ac8c4", "size": 2047, "path": "media/graph/graph_summary_6efcd9eb581e453d9eb4.graph.json"}, "epoch": 499, "_timestamp": 1692110149.5044713, "loss": 0.14736990630626678, "_runtime": 1482.367339372635, "_step": 2002, "val_loss": 0.1135534942150116, "best_val_loss": 0.012551616877317429, "best_epoch": 1450}