{"graph": {"_type": "graph-file", "sha256": "c9e4d379b5c33e09387aeebf13b8182aec5a689dfebebcab7dffd8bbea6951d3", "size": 1991, "path": "media/graph/graph_summary_c9e4d379b5c33e09387a.graph.json"}, "epoch": 99, "_timestamp": 1692120475.7004564, "loss": 0.08217540383338928, "_runtime": 9713.207921266556, "_step": 100}